age_band,transactions,frauds,amount,fraud_amount,avg_amount,fraud_rate_pct
70+,4537,30,298917.69,13379.41,65.88443685254573,0.6612298875909192
40-49,9846,49,722609.57,27425.870000000003,73.3911811903311,0.49766402600040627
Under 30,7782,32,526775.07,18586.54,67.69147648419428,0.4112053456694937
50-59,6092,22,420709.84,12325.61,69.05939592908733,0.36112934996717005
30-39,9713,33,716992.42,18418.39,73.81781323998764,0.33975084937712347
60-69,4338,14,280144.24,7404.990000000001,64.57912402028585,0.3227293683725219
