gender,transactions,frauds,amount,fraud_amount,avg_amount,fraud_rate_pct
M,19135,88,1346494.1,51885.51,70.36812646981971,0.45989025346224194
F,23173,92,1619654.73,45655.3,69.8940460881198,0.3970137660208001
