risk_period,transactions,frauds,amount,fraud_amount,avg_amount,fraud_rate_pct
00:00-05:59,8406,69,666898.44,27100.789999999997,79.33600285510349,0.820842255531763
06:00-23:59,33902,111,2299250.39,70440.02,67.82049407114624,0.32741431184000946
